email, senha
24319320689443363@mail.com,user123         
0.161002364200808@mail.com,user123  
0.3063176963849365@mail.com,user123  
0.8481507584729492@mail.com,user123  
0.18826236467978813@mail.com,user123  
0.8540851338037082@mail.com,user123  
0.06076111878029684@mail.com,user123  
0.7297937011743981@mail.com,user123  